transaction_id,sender_id,receiver_id,amount,timestamp
T00001,ACC1001,ACC1002,5000.5,2026-02-18 09:00:00
T00002,ACC1002,ACC1003,4950.75,2026-02-18 09:10:00
T00003,ACC1003,ACC1001,4900.25,2026-02-18 09:20:00
T00004,ACC2001,ACC2002,7000,2026-02-19 09:00:00
T00005,ACC2002,ACC2003,6900.5,2026-02-19 09:10:00
T00006,ACC2003,ACC2004,6800.75,2026-02-19 09:20:00
T00007,ACC2004,ACC2001,6700.25,2026-02-19 09:30:00
T00008,ACC3001,ACC3002,9000,2026-02-20 09:00:00
T00009,ACC3002,ACC3003,8900.5,2026-02-20 09:10:00
T00010,ACC3003,ACC3004,8800.75,2026-02-20 09:20:00
T00011,ACC3004,ACC3005,8700.25,2026-02-20 09:30:00
T00012,ACC3005,ACC3001,8600.1,2026-02-20 09:40:00
T00013,ACC410,ACC4000,983.53,2026-02-21 09:00:00
T00014,ACC411,ACC4000,865.57,2026-02-21 09:03:00
T00015,ACC412,ACC4000,974.17,2026-02-21 09:06:00
T00016,ACC413,ACC4000,982.84,2026-02-21 09:09:00
T00017,ACC414,ACC4000,949.76,2026-02-21 09:12:00
T00018,ACC415,ACC4000,961.11,2026-02-21 09:15:00
T00019,ACC416,ACC4000,818.6,2026-02-21 09:18:00
T00020,ACC417,ACC4000,969.85,2026-02-21 09:21:00
T00021,ACC418,ACC4000,923.17,2026-02-21 09:24:00
T00022,ACC419,ACC4000,955.62,2026-02-21 09:27:00
T00023,ACC4110,ACC4000,862.62,2026-02-21 09:30:00
T00024,ACC4111,ACC4000,802.3,2026-02-21 09:33:00
T00025,ACC4112,ACC4000,911.87,2026-02-21 09:36:00
T00026,ACC4113,ACC4000,870.63,2026-02-21 09:39:00
T00027,ACC4114,ACC4000,916.97,2026-02-21 09:42:00
T00028,ACC4115,ACC4000,920.28,2026-02-21 09:45:00
T00029,ACC4116,ACC4000,852.07,2026-02-21 09:48:00
T00030,ACC4117,ACC4000,819.99,2026-02-21 09:51:00
T00031,ACC4118,ACC4000,948.13,2026-02-21 09:54:00
T00032,ACC4119,ACC4000,927.86,2026-02-21 09:57:00
T00033,ACC4120,ACC4000,966.33,2026-02-21 10:00:00
T00034,ACC4121,ACC4000,918.71,2026-02-21 10:03:00
T00035,ACC4122,ACC4000,806.44,2026-02-21 10:06:00
T00036,ACC4123,ACC4000,810.97,2026-02-21 10:09:00
T00037,ACC4124,ACC4000,850.15,2026-02-21 10:12:00
T00038,ACC4125,ACC4000,949.47,2026-02-21 10:15:00
T00039,ACC4126,ACC4000,922.64,2026-02-21 10:18:00
T00040,ACC4127,ACC4000,925.49,2026-02-21 10:21:00
T00041,ACC4128,ACC4000,976.44,2026-02-21 10:24:00
T00042,ACC4129,ACC4000,854.43,2026-02-21 10:27:00
T00043,ACC4130,ACC4000,807.2,2026-02-21 10:30:00
T00044,ACC4131,ACC4000,861.64,2026-02-21 10:33:00
T00045,ACC4132,ACC4000,934.86,2026-02-21 10:36:00
T00046,ACC4133,ACC4000,882.06,2026-02-21 10:39:00
T00047,ACC4134,ACC4000,890.1,2026-02-21 10:42:00
T00048,ACC4135,ACC4000,884.05,2026-02-21 10:45:00
T00049,ACC4136,ACC4000,971.92,2026-02-21 10:48:00
T00050,ACC4137,ACC4000,949.54,2026-02-21 10:51:00
T00051,ACC4138,ACC4000,929.75,2026-02-21 10:54:00
T00052,ACC4139,ACC4000,847.45,2026-02-21 10:57:00
T00053,ACC5001,ACC5002,16868.34,2026-02-22 09:00:00
T00054,ACC5002,ACC5003,15155.61,2026-02-22 09:08:00
T00055,ACC5003,ACC5004,15856.55,2026-02-22 09:16:00
T00056,ACC5004,ACC5005,15983.36,2026-02-22 09:24:00
T00057,ACC5005,ACC5006,16678.9,2026-02-22 09:32:00
T00058,ACC5006,ACC5007,15436.86,2026-02-22 09:40:00
T00059,ACC5007,ACC5008,16926.59,2026-02-22 09:48:00
T00060,ACC6229,ACC6034,10022.18,2026-02-23 05:45:00
T00061,ACC6135,ACC6031,23256.17,2026-02-20 21:35:00
T00062,ACC6432,ACC6151,24179.01,2026-02-18 22:29:00
T00063,ACC6418,ACC6364,4310.77,2026-02-20 20:25:00
T00064,ACC6448,ACC6358,20791.59,2026-02-19 11:09:00
T00065,ACC6400,ACC6463,13136.94,2026-02-20 17:27:00
T00066,ACC6143,ACC6286,18290.27,2026-02-18 18:16:00
T00067,ACC6419,ACC6207,13986.88,2026-02-21 15:34:00
T00068,ACC6378,ACC6143,17743.16,2026-02-22 08:22:00
T00069,ACC6007,ACC6185,19178.08,2026-02-19 08:43:00
T00070,ACC6052,ACC6058,2935.13,2026-02-20 10:31:00
T00071,ACC6061,ACC6471,12344.86,2026-02-18 21:23:00
T00072,ACC6263,ACC6176,23605.23,2026-02-18 09:03:00
T00073,ACC6035,ACC6324,18032.53,2026-02-21 21:13:00
T00074,ACC6324,ACC6396,16259,2026-02-19 18:44:00
T00075,ACC6390,ACC6389,13767.7,2026-02-21 17:53:00
T00076,ACC6498,ACC6336,8811.39,2026-02-23 01:36:00
T00077,ACC6357,ACC6388,11088.63,2026-02-22 21:15:00
T00078,ACC6400,ACC6152,14801.69,2026-02-20 09:47:00
T00079,ACC6137,ACC6070,24878.31,2026-02-23 01:12:00
T00080,ACC6075,ACC6171,24106.37,2026-02-22 04:16:00
T00081,ACC6308,ACC6419,12709.62,2026-02-20 02:16:00
T00082,ACC6442,ACC6085,14169.47,2026-02-22 22:13:00
T00083,ACC6257,ACC6154,20319.23,2026-02-22 21:17:00
T00084,ACC6313,ACC6027,23315.15,2026-02-21 07:48:00
T00085,ACC6375,ACC6260,8575.93,2026-02-20 04:26:00
T00086,ACC6157,ACC6485,12408.35,2026-02-20 13:49:00
T00087,ACC6343,ACC6083,13844.93,2026-02-22 15:19:00
T00088,ACC6076,ACC6367,21685.17,2026-02-22 03:52:00
T00089,ACC6269,ACC6165,15624.98,2026-02-21 22:12:00
T00090,ACC6227,ACC6015,22737.38,2026-02-20 03:52:00
T00091,ACC6498,ACC6364,15579.34,2026-02-21 15:28:00
T00092,ACC6146,ACC6233,5287.33,2026-02-22 23:35:00
T00093,ACC6225,ACC6365,12766.69,2026-02-19 15:18:00
T00094,ACC6392,ACC6154,10382.5,2026-02-19 03:46:00
T00095,ACC6061,ACC6055,22586.62,2026-02-21 07:20:00
T00096,ACC6267,ACC6245,18508.65,2026-02-18 17:32:00
T00097,ACC6437,ACC6336,2266.46,2026-02-19 23:08:00
T00098,ACC6076,ACC6026,11359.21,2026-02-23 03:14:00
T00099,ACC6328,ACC6425,14063.39,2026-02-20 07:18:00
T00100,ACC6476,ACC6471,13097.02,2026-02-22 12:55:00
T00101,ACC6179,ACC6104,16313.68,2026-02-22 01:55:00
T00102,ACC6296,ACC6429,17512.05,2026-02-20 13:55:00
T00103,ACC6292,ACC6321,10240.43,2026-02-21 17:44:00
T00104,ACC6118,ACC6170,23081.32,2026-02-19 05:39:00
T00105,ACC6200,ACC6110,11580.78,2026-02-20 17:21:00
T00106,ACC6278,ACC6190,12152.28,2026-02-19 13:18:00
T00107,ACC6154,ACC6371,22868.92,2026-02-19 18:27:00
T00108,ACC6061,ACC6309,10670.87,2026-02-21 09:14:00
T00109,ACC6258,ACC6001,5469.46,2026-02-23 07:59:00
T00110,ACC6018,ACC6094,3224.54,2026-02-23 08:10:00
T00111,ACC6220,ACC6309,13916.89,2026-02-20 05:59:00
T00112,ACC6085,ACC6417,11161.73,2026-02-21 11:07:00
T00113,ACC6363,ACC6367,20299.43,2026-02-20 17:56:00
T00114,ACC6204,ACC6091,9265.07,2026-02-20 19:28:00
T00115,ACC6071,ACC6159,22561.16,2026-02-22 09:13:00
T00116,ACC6155,ACC6335,19082.53,2026-02-21 21:41:00
T00117,ACC6317,ACC6235,22244.59,2026-02-23 05:42:00
T00118,ACC6051,ACC6323,16892.94,2026-02-22 09:07:00
T00119,ACC6485,ACC6063,7037.59,2026-02-21 19:52:00
T00120,ACC6012,ACC6324,19464.81,2026-02-22 05:43:00
T00121,ACC6208,ACC6202,2444.41,2026-02-21 16:47:00
T00122,ACC6204,ACC6226,5327.78,2026-02-22 03:35:00
T00123,ACC6217,ACC6163,9827.37,2026-02-22 07:29:00
T00124,ACC6121,ACC6132,17915.65,2026-02-18 17:21:00
T00125,ACC6278,ACC6260,17065.59,2026-02-22 16:53:00
T00126,ACC6496,ACC6340,23361.72,2026-02-21 22:51:00
T00127,ACC6485,ACC6435,20526.17,2026-02-21 15:20:00
T00128,ACC6124,ACC6063,13255.21,2026-02-22 21:03:00
T00129,ACC6022,ACC6387,15136.64,2026-02-18 19:22:00
T00130,ACC6311,ACC6234,11553.88,2026-02-21 05:55:00
T00131,ACC6169,ACC6464,9463.51,2026-02-19 18:41:00
T00132,ACC6081,ACC6301,5584.12,2026-02-21 01:05:00
T00133,ACC6193,ACC6061,3688.17,2026-02-22 11:24:00
T00134,ACC6343,ACC6234,14029.5,2026-02-19 14:43:00
T00135,ACC6493,ACC6160,5183.33,2026-02-19 13:41:00
T00136,ACC6049,ACC6189,16161.01,2026-02-21 14:48:00
T00137,ACC6270,ACC6218,19477.45,2026-02-22 00:49:00
T00138,ACC6291,ACC6101,23255.06,2026-02-22 03:46:00
T00139,ACC6106,ACC6163,20055.57,2026-02-20 06:34:00
T00140,ACC6164,ACC6287,11889.9,2026-02-22 19:08:00
T00141,ACC6221,ACC6096,3909.54,2026-02-23 07:29:00
T00142,ACC6268,ACC6197,20277.15,2026-02-19 17:23:00
T00143,ACC6380,ACC6052,12304.38,2026-02-19 22:59:00
T00144,ACC6190,ACC6149,18169.97,2026-02-22 23:41:00
T00145,ACC6253,ACC6449,15759.39,2026-02-21 22:28:00
T00146,ACC6392,ACC6236,24226.12,2026-02-20 10:02:00
T00147,ACC6084,ACC6174,18436.21,2026-02-18 14:58:00
T00148,ACC6248,ACC6397,15520.63,2026-02-20 21:34:00
T00149,ACC6052,ACC6204,8049.6,2026-02-22 08:34:00
T00150,ACC6485,ACC6393,10315.74,2026-02-21 05:55:00
T00151,ACC6476,ACC6387,14238.92,2026-02-23 08:36:00
T00152,ACC6085,ACC6018,21807.97,2026-02-21 04:25:00
T00153,ACC6396,ACC6095,15172.58,2026-02-22 22:50:00
T00154,ACC6293,ACC6402,21294.12,2026-02-21 13:20:00
T00155,ACC6003,ACC6147,12426.9,2026-02-22 21:45:00
T00156,ACC6492,ACC6148,3199.73,2026-02-19 06:00:00
T00157,ACC6098,ACC6421,4859.13,2026-02-22 07:19:00
T00158,ACC6430,ACC6230,23425.48,2026-02-20 03:55:00
T00159,ACC6300,ACC6206,20689.48,2026-02-21 23:05:00
T00160,ACC6251,ACC6022,6298.91,2026-02-22 08:57:00
T00161,ACC6469,ACC6115,13706.1,2026-02-18 18:24:00
T00162,ACC6293,ACC6106,23965.45,2026-02-18 22:20:00
T00163,ACC6344,ACC6495,3174.97,2026-02-21 10:48:00
T00164,ACC6050,ACC6129,20258.11,2026-02-23 08:36:00
T00165,ACC6469,ACC6131,4927.28,2026-02-19 15:27:00
T00166,ACC6310,ACC6306,22410.21,2026-02-21 23:46:00
T00167,ACC6069,ACC6230,10831.2,2026-02-19 20:18:00
T00168,ACC6071,ACC6301,21349.3,2026-02-20 01:41:00
T00169,ACC6242,ACC6264,3066.25,2026-02-21 23:33:00
T00170,ACC6358,ACC6191,17353.71,2026-02-20 11:36:00
T00171,ACC6415,ACC6256,12966.02,2026-02-23 01:00:00
T00172,ACC6485,ACC6331,23890.14,2026-02-21 13:49:00
T00173,ACC6192,ACC6079,23182.67,2026-02-22 04:40:00
T00174,ACC6232,ACC6266,18083.76,2026-02-21 17:36:00
T00175,ACC6493,ACC6300,22545.9,2026-02-20 00:24:00
T00176,ACC6424,ACC6433,18146.2,2026-02-22 20:56:00
T00177,ACC6324,ACC6312,24290.33,2026-02-21 09:48:00
T00178,ACC6082,ACC6104,24293.39,2026-02-21 02:32:00
T00179,ACC6086,ACC6277,24466.41,2026-02-21 15:24:00
T00180,ACC6386,ACC6268,6790.67,2026-02-20 11:06:00
T00181,ACC6220,ACC6073,2768.24,2026-02-19 10:14:00
T00182,ACC6214,ACC6385,24768.07,2026-02-21 08:44:00
T00183,ACC6302,ACC6468,2788.95,2026-02-22 13:22:00
T00184,ACC6284,ACC6072,6638.92,2026-02-23 08:02:00
T00185,ACC6038,ACC6195,23148.71,2026-02-19 15:35:00
T00186,ACC6066,ACC6122,16176.59,2026-02-19 12:02:00
T00187,ACC6266,ACC6316,14608.74,2026-02-19 08:22:00
T00188,ACC6409,ACC6197,10142,2026-02-23 04:59:00
T00189,ACC6461,ACC6234,6571.65,2026-02-22 18:34:00
T00190,ACC6345,ACC6244,10868.07,2026-02-18 13:29:00
T00191,ACC6312,ACC6103,13230.55,2026-02-19 20:47:00
T00192,ACC6287,ACC6222,2264.87,2026-02-23 05:40:00
T00193,ACC6052,ACC6227,3222.59,2026-02-19 22:48:00
T00194,ACC6392,ACC6150,2294.13,2026-02-22 16:06:00
T00195,ACC6322,ACC6265,16929.17,2026-02-21 05:24:00
T00196,ACC6374,ACC6354,24904.24,2026-02-18 18:38:00
T00197,ACC6256,ACC6329,15027.09,2026-02-22 15:21:00
T00198,ACC6428,ACC6468,11695.76,2026-02-22 17:11:00
T00199,ACC6246,ACC6344,4683.91,2026-02-21 18:01:00
T00200,ACC6326,ACC6324,18854.27,2026-02-20 01:30:00
T00201,ACC6019,ACC6290,14137.58,2026-02-21 21:05:00
T00202,ACC6491,ACC6072,7316.51,2026-02-19 20:10:00
T00203,ACC6247,ACC6491,7846.22,2026-02-20 17:39:00
T00204,ACC6266,ACC6129,19114.44,2026-02-21 04:32:00
T00205,ACC6448,ACC6040,4163.72,2026-02-22 20:00:00
T00206,ACC6343,ACC6228,12989.98,2026-02-19 01:50:00
T00207,ACC6335,ACC6241,10222.4,2026-02-20 19:42:00
T00208,ACC6435,ACC6156,23780.41,2026-02-20 10:21:00
T00209,ACC6380,ACC6012,23040.95,2026-02-19 12:08:00
T00210,ACC6303,ACC6092,22187.34,2026-02-20 00:29:00
T00211,ACC6082,ACC6095,14366.54,2026-02-23 01:47:00
T00212,ACC6275,ACC6001,18861.04,2026-02-19 19:40:00
T00213,ACC6372,ACC6125,21958.39,2026-02-22 19:39:00
T00214,ACC6242,ACC6053,20407.64,2026-02-20 04:56:00
T00215,ACC6186,ACC6060,8543.3,2026-02-19 05:56:00
T00216,ACC6066,ACC6189,13487.86,2026-02-20 08:17:00
T00217,ACC6389,ACC6093,5411.57,2026-02-22 14:14:00
T00218,ACC6228,ACC6033,17612.81,2026-02-19 14:49:00
T00219,ACC6006,ACC6494,14957.34,2026-02-21 19:41:00
T00220,ACC6230,ACC6163,19516.3,2026-02-21 05:37:00
T00221,ACC6320,ACC6235,19780.39,2026-02-21 10:29:00
T00222,ACC6061,ACC6246,24923.38,2026-02-20 09:30:00
T00223,ACC6339,ACC6199,6294.15,2026-02-20 06:00:00
T00224,ACC6295,ACC6145,19498.33,2026-02-22 16:09:00
T00225,ACC6139,ACC6217,9422.13,2026-02-18 12:25:00
T00226,ACC6208,ACC6357,8127.86,2026-02-18 11:07:00
T00227,ACC6374,ACC6046,15960.91,2026-02-19 12:22:00
T00228,ACC6247,ACC6287,17093.11,2026-02-19 14:23:00
T00229,ACC6167,ACC6191,12909.08,2026-02-20 00:58:00
T00230,ACC6456,ACC6358,21309.68,2026-02-20 08:14:00
T00231,ACC6272,ACC6478,16723.45,2026-02-20 00:18:00
T00232,ACC6040,ACC6132,19599.81,2026-02-20 10:07:00
T00233,ACC6291,ACC6407,19130.19,2026-02-22 11:30:00
T00234,ACC6096,ACC6123,4858.21,2026-02-22 07:48:00
T00235,ACC6350,ACC6252,17995.45,2026-02-20 04:26:00
T00236,ACC6092,ACC6123,5758.76,2026-02-21 13:40:00
T00237,ACC6425,ACC6211,7839.09,2026-02-19 03:54:00
T00238,ACC6129,ACC6103,23836.3,2026-02-22 23:59:00
T00239,ACC6366,ACC6020,2155.87,2026-02-21 15:07:00
T00240,ACC6118,ACC6100,5728.68,2026-02-19 09:51:00
T00241,ACC6395,ACC6482,20018.93,2026-02-19 16:04:00
T00242,ACC6025,ACC6243,20995.7,2026-02-22 18:43:00
T00243,ACC6080,ACC6100,20719.85,2026-02-19 12:52:00
T00244,ACC6424,ACC6264,20731.97,2026-02-23 04:10:00
T00245,ACC6068,ACC6008,8175.59,2026-02-19 19:27:00
T00246,ACC6326,ACC6329,8014.36,2026-02-21 01:00:00
T00247,ACC6278,ACC6461,18850.75,2026-02-19 14:50:00
T00248,ACC6128,ACC6463,14827.05,2026-02-23 02:27:00
T00249,ACC6368,ACC6263,21569.83,2026-02-18 12:48:00
T00250,ACC6162,ACC6457,14144.87,2026-02-21 12:12:00
T00251,ACC6225,ACC6311,22373.51,2026-02-20 20:26:00
T00252,ACC6118,ACC6290,21190.15,2026-02-22 13:32:00
T00253,ACC6369,ACC6059,15329.14,2026-02-19 19:03:00
T00254,ACC6166,ACC6027,6969.68,2026-02-19 18:10:00
T00255,ACC6154,ACC6399,8810.87,2026-02-22 01:50:00
T00256,ACC6126,ACC6451,2453.85,2026-02-20 08:59:00
T00257,ACC6338,ACC6105,5067.64,2026-02-21 17:53:00
T00258,ACC6202,ACC6336,14872.95,2026-02-20 12:09:00
T00259,ACC6351,ACC6090,6491.38,2026-02-21 14:02:00
T00260,ACC6066,ACC6167,4514.17,2026-02-18 23:56:00
T00261,ACC6456,ACC6203,23721.02,2026-02-21 23:44:00
T00262,ACC6204,ACC6499,8067.94,2026-02-19 07:50:00
T00263,ACC6068,ACC6224,17058.43,2026-02-22 03:34:00
T00264,ACC6144,ACC6399,22575.83,2026-02-21 20:09:00
T00265,ACC6367,ACC6049,2972.26,2026-02-21 03:14:00
T00266,ACC6113,ACC6372,8367.68,2026-02-18 20:10:00
T00267,ACC6227,ACC6334,13660.09,2026-02-23 00:00:00
T00268,ACC6382,ACC6427,14922.4,2026-02-23 07:41:00
T00269,ACC6255,ACC6046,21049.41,2026-02-20 18:39:00
T00270,ACC6261,ACC6082,11848.47,2026-02-22 22:01:00
T00271,ACC6352,ACC6438,6725.31,2026-02-22 02:06:00
T00272,ACC6288,ACC6160,13371.96,2026-02-22 16:56:00
T00273,ACC6496,ACC6019,20438.33,2026-02-19 11:00:00
T00274,ACC6461,ACC6414,22937.49,2026-02-20 20:55:00
T00275,ACC6053,ACC6058,4662.93,2026-02-21 22:18:00
T00276,ACC6222,ACC6359,8027.57,2026-02-18 20:15:00
T00277,ACC6031,ACC6237,23354.34,2026-02-20 03:05:00
T00278,ACC6012,ACC6252,7825.48,2026-02-18 18:14:00
T00279,ACC6090,ACC6282,7394.42,2026-02-19 02:57:00
T00280,ACC6247,ACC6478,21385.53,2026-02-19 13:31:00
T00281,ACC6394,ACC6054,19018.74,2026-02-21 11:19:00
T00282,ACC6156,ACC6414,4936.56,2026-02-22 09:08:00
T00283,ACC6452,ACC6376,23092.99,2026-02-22 10:05:00
T00284,ACC6395,ACC6061,19554.36,2026-02-20 03:48:00
T00285,ACC6410,ACC6114,6003.63,2026-02-20 07:55:00
T00286,ACC6180,ACC6377,17864.48,2026-02-22 04:21:00
T00287,ACC6369,ACC6324,8421.72,2026-02-20 10:50:00
T00288,ACC6490,ACC6051,23742.54,2026-02-19 02:35:00
T00289,ACC6438,ACC6264,17485.36,2026-02-20 14:30:00
T00290,ACC6123,ACC6283,9604.38,2026-02-21 00:01:00
T00291,ACC6417,ACC6435,11178.39,2026-02-21 21:50:00
T00292,ACC6100,ACC6463,4864.13,2026-02-22 18:37:00
T00293,ACC6063,ACC6165,7302.61,2026-02-20 00:11:00
T00294,ACC6415,ACC6450,10505.88,2026-02-21 12:17:00
T00295,ACC6291,ACC6032,10450.29,2026-02-20 10:45:00
T00296,ACC6035,ACC6136,12069.54,2026-02-21 13:39:00
T00297,ACC6484,ACC6221,16004.88,2026-02-19 23:29:00
T00298,ACC6306,ACC6165,7743.02,2026-02-21 12:41:00
T00299,ACC6074,ACC6109,11219.44,2026-02-19 23:46:00
T00300,ACC6141,ACC6377,18923.56,2026-02-21 21:45:00
T00301,ACC6404,ACC6184,14626.79,2026-02-22 07:15:00
T00302,ACC6379,ACC6249,24560.09,2026-02-19 04:02:00
T00303,ACC6030,ACC6375,18971.46,2026-02-21 22:45:00
T00304,ACC6489,ACC6314,19540.88,2026-02-21 21:04:00
T00305,ACC6447,ACC6052,23340.32,2026-02-19 15:45:00
T00306,ACC6436,ACC6141,18569.42,2026-02-19 03:38:00
T00307,ACC6089,ACC6017,14563.12,2026-02-19 16:00:00
T00308,ACC6398,ACC6436,12622.57,2026-02-20 18:00:00
T00309,ACC6341,ACC6472,17999.7,2026-02-20 01:22:00
T00310,ACC6288,ACC6157,19339.04,2026-02-20 05:25:00
T00311,ACC6063,ACC6045,19452.13,2026-02-21 08:02:00
T00312,ACC6010,ACC6238,22395.38,2026-02-21 12:43:00
T00313,ACC6467,ACC6064,14007.86,2026-02-19 04:30:00
T00314,ACC6329,ACC6395,18871.61,2026-02-20 03:59:00
T00315,ACC6058,ACC6060,10439.35,2026-02-19 14:35:00
T00316,ACC6426,ACC6204,23199.43,2026-02-19 08:23:00
T00317,ACC6153,ACC6320,5048.3,2026-02-22 13:49:00
T00318,ACC6430,ACC6237,20449.22,2026-02-19 02:13:00
T00319,ACC6054,ACC6353,13088.8,2026-02-18 17:55:00
T00320,ACC6131,ACC6182,8776.04,2026-02-22 02:07:00
T00321,ACC6220,ACC6392,12106.18,2026-02-22 15:42:00
T00322,ACC6263,ACC6341,10037.67,2026-02-22 20:12:00
T00323,ACC6217,ACC6174,16826.04,2026-02-18 12:10:00
T00324,ACC6032,ACC6023,21763.32,2026-02-19 01:59:00
T00325,ACC6408,ACC6195,6386.54,2026-02-18 19:43:00
T00326,ACC6209,ACC6165,18129.39,2026-02-22 05:50:00
T00327,ACC6465,ACC6180,22862.74,2026-02-19 07:15:00
T00328,ACC6436,ACC6494,13129.01,2026-02-21 22:38:00
T00329,ACC6156,ACC6155,7482.68,2026-02-19 23:14:00
T00330,ACC6088,ACC6263,17800.04,2026-02-21 03:41:00
T00331,ACC6167,ACC6261,9660,2026-02-20 04:23:00
T00332,ACC6141,ACC6161,22937.02,2026-02-18 16:13:00
T00333,ACC6261,ACC6190,7945.6,2026-02-18 09:06:00
T00334,ACC6056,ACC6154,7295.23,2026-02-20 21:13:00
T00335,ACC6003,ACC6131,20412.38,2026-02-18 23:51:00
T00336,ACC6260,ACC6122,18539.76,2026-02-20 23:53:00
T00337,ACC6097,ACC6446,15050.22,2026-02-19 08:58:00
T00338,ACC6267,ACC6058,2875.07,2026-02-18 13:42:00
T00339,ACC6366,ACC6432,22355.79,2026-02-23 02:32:00
T00340,ACC6085,ACC6230,18247.07,2026-02-21 08:50:00
T00341,ACC6048,ACC6424,12067.41,2026-02-19 08:58:00
T00342,ACC6278,ACC6115,15359.47,2026-02-20 19:50:00
T00343,ACC6323,ACC6314,10239.68,2026-02-20 09:50:00
T00344,ACC6217,ACC6417,22184.27,2026-02-21 02:44:00
T00345,ACC6360,ACC6109,10263.78,2026-02-22 04:03:00
T00346,ACC6143,ACC6310,22485.14,2026-02-18 22:50:00
T00347,ACC6476,ACC6348,22058.62,2026-02-20 09:11:00
T00348,ACC6330,ACC6320,20829.98,2026-02-18 15:30:00
T00349,ACC6111,ACC6362,14853.67,2026-02-21 16:19:00
T00350,ACC6358,ACC6296,16160.83,2026-02-19 05:11:00
T00351,ACC6455,ACC6136,3155.26,2026-02-23 05:35:00
T00352,ACC6317,ACC6366,2924.47,2026-02-20 19:48:00
T00353,ACC6464,ACC6069,20725.98,2026-02-21 00:40:00
T00354,ACC6359,ACC6415,17162.32,2026-02-20 05:45:00
T00355,ACC6362,ACC6330,17973.69,2026-02-20 12:29:00
T00356,ACC6372,ACC6474,20282.11,2026-02-23 00:17:00
T00357,ACC6033,ACC6054,18941.52,2026-02-22 08:33:00
T00358,ACC6456,ACC6052,21290.14,2026-02-20 00:14:00
T00359,ACC6099,ACC6176,22907.37,2026-02-19 20:19:00
T00360,ACC6287,ACC6473,15373.05,2026-02-20 09:35:00
T00361,ACC6368,ACC6029,18003.18,2026-02-22 07:50:00
T00362,ACC6386,ACC6129,4635.42,2026-02-20 16:18:00
T00363,ACC6029,ACC6092,20269.37,2026-02-19 02:42:00
T00364,ACC6430,ACC6493,16391.97,2026-02-18 13:05:00
T00365,ACC6123,ACC6484,4702.58,2026-02-23 04:29:00
T00366,ACC6010,ACC6070,22085.41,2026-02-19 06:40:00
T00367,ACC6200,ACC6377,6131.04,2026-02-19 18:32:00
T00368,ACC6304,ACC6473,18334.39,2026-02-22 16:26:00
T00369,ACC6253,ACC6354,22411.41,2026-02-19 08:25:00
T00370,ACC6104,ACC6325,20423.25,2026-02-21 18:51:00
T00371,ACC6405,ACC6475,22943.74,2026-02-22 01:27:00
T00372,ACC6225,ACC6439,24313.88,2026-02-20 21:43:00
T00373,ACC6030,ACC6471,15276.89,2026-02-21 11:09:00
T00374,ACC6427,ACC6330,14006.11,2026-02-19 08:04:00
T00375,ACC6364,ACC6289,4971.96,2026-02-20 02:28:00
T00376,ACC6348,ACC6097,6860.67,2026-02-18 16:24:00
T00377,ACC6421,ACC6114,20246.36,2026-02-23 00:45:00
T00378,ACC6246,ACC6005,15757.47,2026-02-22 12:41:00
T00379,ACC6044,ACC6011,7169.94,2026-02-20 15:17:00
T00380,ACC6124,ACC6466,13977.32,2026-02-22 17:45:00
T00381,ACC6361,ACC6022,18195.85,2026-02-18 11:27:00
T00382,ACC6045,ACC6079,18413.43,2026-02-18 15:44:00
T00383,ACC6101,ACC6041,3122.2,2026-02-18 10:39:00
T00384,ACC6172,ACC6033,17727.55,2026-02-21 17:50:00
T00385,ACC6288,ACC6120,24736.62,2026-02-20 23:18:00
T00386,ACC6447,ACC6053,20501.2,2026-02-19 11:35:00
T00387,ACC6266,ACC6146,5537.82,2026-02-23 06:41:00
T00388,ACC6360,ACC6481,22958.4,2026-02-22 18:45:00
T00389,ACC6189,ACC6159,17473.59,2026-02-22 22:05:00
T00390,ACC6198,ACC6201,17840.14,2026-02-19 10:15:00
T00391,ACC6102,ACC6344,5571.92,2026-02-18 11:47:00
T00392,ACC6210,ACC6085,24099.05,2026-02-21 07:21:00
T00393,ACC6299,ACC6021,5058.9,2026-02-20 01:38:00
T00394,ACC6118,ACC6272,3083.03,2026-02-23 04:42:00
T00395,ACC6286,ACC6222,16416.81,2026-02-21 17:32:00
T00396,ACC6074,ACC6310,12949.45,2026-02-19 07:50:00
T00397,ACC6311,ACC6323,2859.24,2026-02-22 08:10:00
T00398,ACC6195,ACC6406,24755.96,2026-02-19 11:15:00
T00399,ACC6238,ACC6434,21666.58,2026-02-20 18:01:00
T00400,ACC6381,ACC6114,9294.91,2026-02-21 22:01:00
T00401,ACC6451,ACC6489,21603.12,2026-02-18 21:00:00
T00402,ACC6450,ACC6463,11740.96,2026-02-19 19:14:00
T00403,ACC6375,ACC6485,7286.31,2026-02-21 07:27:00
T00404,ACC6350,ACC6419,5487.35,2026-02-18 17:28:00
T00405,ACC6436,ACC6212,9548.35,2026-02-20 09:19:00
T00406,ACC6233,ACC6139,20627.1,2026-02-19 05:26:00
T00407,ACC6461,ACC6344,9832.87,2026-02-18 12:18:00
T00408,ACC6129,ACC6192,9468.33,2026-02-20 23:23:00
T00409,ACC6087,ACC6007,22841.37,2026-02-19 19:08:00
T00410,ACC6114,ACC6339,5069.3,2026-02-19 19:38:00
T00411,ACC6387,ACC6285,22248.18,2026-02-18 10:44:00
T00412,ACC6490,ACC6129,6461.67,2026-02-22 02:21:00
T00413,ACC6409,ACC6408,16579.98,2026-02-23 00:31:00
T00414,ACC6005,ACC6282,7651.43,2026-02-22 05:47:00
T00415,ACC6433,ACC6225,8898.69,2026-02-22 23:20:00
T00416,ACC6203,ACC6317,11160.92,2026-02-22 02:02:00
T00417,ACC6316,ACC6198,11959.65,2026-02-23 02:13:00
T00418,ACC6277,ACC6084,13946.16,2026-02-20 10:41:00
T00419,ACC6375,ACC6341,22243.56,2026-02-22 00:30:00
T00420,ACC6266,ACC6379,6480.27,2026-02-22 18:25:00
T00421,ACC6221,ACC6295,13988.53,2026-02-19 00:57:00
T00422,ACC6096,ACC6272,2319.7,2026-02-21 06:35:00
T00423,ACC6140,ACC6016,5549.05,2026-02-18 11:36:00
T00424,ACC6210,ACC6161,16892.17,2026-02-21 08:36:00
T00425,ACC6035,ACC6312,22513.78,2026-02-19 12:35:00
T00426,ACC6320,ACC6061,8371.44,2026-02-22 18:22:00
T00427,ACC6332,ACC6218,5070.66,2026-02-18 15:34:00
T00428,ACC6025,ACC6266,23152.35,2026-02-21 05:07:00
T00429,ACC6263,ACC6135,12668.95,2026-02-20 21:30:00
T00430,ACC6164,ACC6117,11938.69,2026-02-23 03:26:00
T00431,ACC6362,ACC6217,9797.51,2026-02-18 20:53:00
T00432,ACC6232,ACC6275,18983.48,2026-02-22 01:06:00
T00433,ACC6459,ACC6412,18429.45,2026-02-19 21:46:00
T00434,ACC6414,ACC6172,8950.89,2026-02-20 15:07:00
T00435,ACC6367,ACC6055,6621.83,2026-02-21 09:46:00
T00436,ACC6311,ACC6337,8494.48,2026-02-19 17:21:00
T00437,ACC6382,ACC6379,2829.75,2026-02-20 09:19:00
T00438,ACC6102,ACC6340,13167.21,2026-02-20 20:45:00
T00439,ACC6042,ACC6029,3395.44,2026-02-22 00:47:00
T00440,ACC6370,ACC6407,21994.43,2026-02-20 15:59:00
T00441,ACC6163,ACC6236,24407.31,2026-02-21 09:15:00
T00442,ACC6375,ACC6298,5254.9,2026-02-20 10:11:00
T00443,ACC6380,ACC6064,24128.73,2026-02-20 18:27:00
T00444,ACC6057,ACC6091,11354.79,2026-02-23 00:11:00
T00445,ACC6313,ACC6268,20424.17,2026-02-20 06:22:00
T00446,ACC6283,ACC6135,11653.14,2026-02-19 18:55:00
T00447,ACC6252,ACC6141,12041.54,2026-02-19 18:00:00
T00448,ACC6448,ACC6156,5983.38,2026-02-19 11:53:00
T00449,ACC6408,ACC6312,4068.41,2026-02-19 02:34:00
T00450,ACC6147,ACC6074,8969.02,2026-02-22 02:29:00
T00451,ACC6184,ACC6272,2290.04,2026-02-20 04:13:00
T00452,ACC6053,ACC6437,2788.76,2026-02-18 10:55:00
T00453,ACC6467,ACC6248,15209.84,2026-02-20 15:13:00
T00454,ACC6405,ACC6451,12027.78,2026-02-19 19:30:00
T00455,ACC6210,ACC6207,23669.84,2026-02-21 16:22:00
T00456,ACC6058,ACC6172,15189.96,2026-02-19 15:24:00
T00457,ACC6078,ACC6247,24693.2,2026-02-19 12:47:00
T00458,ACC6024,ACC6330,24764.06,2026-02-20 00:14:00
T00459,ACC6372,ACC6320,3238.46,2026-02-19 15:43:00
T00460,ACC6463,ACC6430,7883.09,2026-02-22 18:12:00
T00461,ACC6391,ACC6163,15398.9,2026-02-23 06:33:00
T00462,ACC6175,ACC6301,9938.47,2026-02-22 10:43:00
T00463,ACC6132,ACC6400,17106.27,2026-02-19 04:12:00
T00464,ACC6375,ACC6012,2051.15,2026-02-23 00:38:00
T00465,ACC6131,ACC6011,5108,2026-02-21 16:14:00
T00466,ACC6171,ACC6175,15713.83,2026-02-20 02:03:00
T00467,ACC6055,ACC6424,7452.15,2026-02-22 15:24:00
T00468,ACC6229,ACC6276,20000.86,2026-02-18 16:41:00
T00469,ACC6075,ACC6092,21240.26,2026-02-22 08:13:00
T00470,ACC6222,ACC6229,11883.12,2026-02-22 14:32:00
T00471,ACC6249,ACC6458,13979.92,2026-02-18 19:49:00
T00472,ACC6175,ACC6445,15132.01,2026-02-19 03:51:00
T00473,ACC6255,ACC6429,16449.75,2026-02-22 22:49:00
T00474,ACC6189,ACC6032,20634.13,2026-02-22 07:12:00
T00475,ACC6078,ACC6408,19906.58,2026-02-20 09:23:00
T00476,ACC6152,ACC6138,3906.81,2026-02-22 11:02:00
T00477,ACC6021,ACC6136,5493.49,2026-02-23 05:46:00
T00478,ACC6098,ACC6173,23457.89,2026-02-20 20:54:00
T00479,ACC6124,ACC6380,3710.45,2026-02-20 07:22:00
T00480,ACC6072,ACC6182,17439.15,2026-02-19 02:57:00
T00481,ACC6212,ACC6268,5223.95,2026-02-18 18:09:00
T00482,ACC6179,ACC6151,22007.35,2026-02-21 01:08:00
T00483,ACC6151,ACC6205,15455.66,2026-02-22 07:40:00
T00484,ACC6096,ACC6078,19423.42,2026-02-18 20:56:00
T00485,ACC6205,ACC6366,21364.98,2026-02-22 15:31:00
T00486,ACC6098,ACC6018,7352.3,2026-02-22 06:02:00
T00487,ACC6023,ACC6147,20808.32,2026-02-19 10:51:00
T00488,ACC6054,ACC6403,6413.37,2026-02-22 13:55:00
T00489,ACC6169,ACC6430,21262.68,2026-02-19 03:51:00
T00490,ACC6358,ACC6136,24872.17,2026-02-19 00:28:00
T00491,ACC6294,ACC6493,8656.71,2026-02-20 19:24:00
T00492,ACC6458,ACC6155,9904.28,2026-02-21 23:41:00
T00493,ACC6401,ACC6463,21781.89,2026-02-18 20:18:00
T00494,ACC6081,ACC6422,9833.95,2026-02-21 10:56:00
T00495,ACC6180,ACC6471,16749.06,2026-02-21 18:57:00
T00496,ACC6122,ACC6440,24374.68,2026-02-18 20:23:00
T00497,ACC6132,ACC6332,4123.93,2026-02-20 03:03:00
T00498,ACC6369,ACC6276,16096.54,2026-02-22 23:29:00
T00499,ACC6486,ACC6381,20077.83,2026-02-22 03:30:00
T00500,ACC6453,ACC6407,7403.08,2026-02-22 11:24:00
T00501,ACC6433,ACC6493,21548.39,2026-02-19 05:39:00
T00502,ACC6469,ACC6385,19164.16,2026-02-21 15:48:00
T00503,ACC6209,ACC6125,3945.77,2026-02-22 17:48:00
T00504,ACC6049,ACC6363,7659.71,2026-02-20 15:19:00
T00505,ACC6298,ACC6421,22265.72,2026-02-20 19:31:00
T00506,ACC6011,ACC6390,7524.11,2026-02-21 23:19:00
T00507,ACC6349,ACC6431,19032.84,2026-02-21 20:48:00
T00508,ACC6286,ACC6367,10793.23,2026-02-21 11:02:00
T00509,ACC6132,ACC6277,23952.3,2026-02-19 02:23:00
T00510,ACC6197,ACC6035,9677.35,2026-02-19 14:41:00
T00511,ACC6417,ACC6118,7549.21,2026-02-21 07:27:00
T00512,ACC6310,ACC6483,9617.26,2026-02-18 10:35:00
T00513,ACC6447,ACC6392,18991.54,2026-02-21 01:10:00
T00514,ACC6339,ACC6444,22463.44,2026-02-20 19:08:00
T00515,ACC6494,ACC6458,23615.67,2026-02-21 16:58:00
T00516,ACC6291,ACC6054,21430.58,2026-02-22 20:47:00
T00517,ACC6433,ACC6174,13812.39,2026-02-19 07:56:00
T00518,ACC6411,ACC6419,16299.04,2026-02-20 14:33:00
T00519,ACC6153,ACC6128,24784.74,2026-02-19 06:07:00
T00520,ACC6402,ACC6226,24122.5,2026-02-18 10:50:00
T00521,ACC6175,ACC6119,14690.86,2026-02-18 12:52:00
T00522,ACC6118,ACC6328,22196.06,2026-02-23 08:54:00
T00523,ACC6349,ACC6068,24835.44,2026-02-18 10:18:00
T00524,ACC6296,ACC6277,8785.13,2026-02-18 23:23:00
T00525,ACC6394,ACC6200,22216.38,2026-02-21 12:35:00
T00526,ACC6415,ACC6283,21210.64,2026-02-22 05:26:00
T00527,ACC6454,ACC6074,13900.62,2026-02-21 05:24:00
T00528,ACC6452,ACC6393,24905.75,2026-02-20 17:55:00
T00529,ACC6203,ACC6491,6237.4,2026-02-20 01:35:00
T00530,ACC6421,ACC6348,7253.88,2026-02-20 03:56:00
T00531,ACC6378,ACC6220,16769.43,2026-02-20 00:06:00
T00532,ACC6094,ACC6218,24273.58,2026-02-21 10:02:00
T00533,ACC6063,ACC6338,15360.07,2026-02-20 15:20:00
T00534,ACC6455,ACC6033,3279.19,2026-02-21 06:01:00
T00535,ACC6280,ACC6067,11594.04,2026-02-22 22:29:00
T00536,ACC6007,ACC6293,16619.29,2026-02-20 07:28:00
T00537,ACC6091,ACC6169,6171.51,2026-02-20 04:54:00
T00538,ACC6128,ACC6122,20019.24,2026-02-22 05:27:00
T00539,ACC6141,ACC6495,12790.62,2026-02-18 12:21:00
T00540,ACC6230,ACC6436,23605.61,2026-02-21 23:43:00
T00541,ACC6346,ACC6339,20808.74,2026-02-20 18:15:00
T00542,ACC6367,ACC6369,7662.36,2026-02-18 13:38:00
T00543,ACC6156,ACC6175,6235.8,2026-02-18 18:17:00
T00544,ACC6375,ACC6273,14324.71,2026-02-18 14:19:00
T00545,ACC6259,ACC6005,20288.73,2026-02-20 15:13:00
T00546,ACC6033,ACC6191,14825,2026-02-20 23:59:00
T00547,ACC6325,ACC6068,19223.56,2026-02-21 07:17:00
T00548,ACC6257,ACC6083,9774.87,2026-02-22 22:07:00
T00549,ACC6035,ACC6264,17798.63,2026-02-21 10:56:00
T00550,ACC6220,ACC6421,19745.88,2026-02-20 18:54:00
T00551,ACC6269,ACC6152,17326.99,2026-02-21 21:03:00
T00552,ACC6303,ACC6238,23568.36,2026-02-22 02:20:00
T00553,ACC6304,ACC6450,7804.82,2026-02-21 10:39:00
T00554,ACC6381,ACC6401,8517.09,2026-02-20 11:12:00
T00555,ACC6048,ACC6493,20298.94,2026-02-20 16:30:00
T00556,ACC6354,ACC6169,20949.67,2026-02-22 14:51:00
T00557,ACC6206,ACC6227,21654.11,2026-02-18 23:24:00
T00558,ACC6141,ACC6046,9289.2,2026-02-20 10:37:00
T00559,ACC6207,ACC6261,5413.7,2026-02-20 01:00:00
T00560,ACC6072,ACC6155,21044.05,2026-02-20 12:17:00
T00561,ACC6437,ACC6116,21695.38,2026-02-23 05:30:00
T00562,ACC6443,ACC6436,8985.81,2026-02-20 08:55:00
T00563,ACC6098,ACC6095,3864.86,2026-02-23 08:43:00
T00564,ACC6382,ACC6308,6331.45,2026-02-23 01:36:00
T00565,ACC6346,ACC6404,20926.05,2026-02-18 11:34:00
T00566,ACC6334,ACC6358,13188.58,2026-02-19 14:12:00
T00567,ACC6285,ACC6156,18316.25,2026-02-21 00:33:00
T00568,ACC6033,ACC6273,12224.81,2026-02-21 00:18:00
T00569,ACC6080,ACC6235,22066.97,2026-02-20 05:13:00
T00570,ACC6077,ACC6171,14706.39,2026-02-19 05:41:00
T00571,ACC6035,ACC6337,24175.76,2026-02-20 12:42:00
T00572,ACC6328,ACC6096,2806.6,2026-02-21 21:48:00
T00573,ACC6203,ACC6145,22593.23,2026-02-22 10:26:00
T00574,ACC6210,ACC6415,5245.32,2026-02-20 06:58:00
T00575,ACC6405,ACC6045,16591.94,2026-02-19 06:43:00
T00576,ACC6429,ACC6144,16597.46,2026-02-19 01:43:00
T00577,ACC6399,ACC6038,15127.75,2026-02-21 14:16:00
T00578,ACC6438,ACC6204,19277.71,2026-02-20 08:32:00
T00579,ACC6319,ACC6059,12385.57,2026-02-20 02:51:00
T00580,ACC6061,ACC6028,19740.19,2026-02-20 00:10:00
T00581,ACC6059,ACC6060,19878.16,2026-02-22 09:56:00
T00582,ACC6359,ACC6251,24831.92,2026-02-20 10:47:00
T00583,ACC6487,ACC6231,21507.14,2026-02-19 22:29:00
T00584,ACC6181,ACC6436,8303.18,2026-02-22 09:05:00
T00585,ACC6260,ACC6166,11363.95,2026-02-19 10:34:00
T00586,ACC6006,ACC6490,16850.15,2026-02-22 19:55:00
T00587,ACC6060,ACC6293,18187.5,2026-02-21 07:32:00
T00588,ACC6122,ACC6060,19421.48,2026-02-19 14:10:00
T00589,ACC6148,ACC6283,9464.38,2026-02-21 19:49:00
T00590,ACC6023,ACC6172,16034.98,2026-02-21 05:15:00
T00591,ACC6085,ACC6287,6684.03,2026-02-18 21:19:00
T00592,ACC6418,ACC6489,22345.07,2026-02-18 13:49:00
T00593,ACC6305,ACC6427,14641.43,2026-02-19 14:10:00
T00594,ACC6327,ACC6347,22239.61,2026-02-20 08:17:00
T00595,ACC6033,ACC6274,23134.03,2026-02-22 03:05:00
T00596,ACC6454,ACC6339,11680.37,2026-02-19 05:18:00
T00597,ACC6112,ACC6093,10606.67,2026-02-20 02:26:00
T00598,ACC6425,ACC6278,19486.41,2026-02-19 20:21:00
T00599,ACC6471,ACC6426,18739.64,2026-02-22 03:54:00
T00600,ACC6189,ACC6422,18043.17,2026-02-21 04:39:00
T00601,ACC6044,ACC6315,6738.35,2026-02-20 14:46:00
T00602,ACC6271,ACC6118,3389.05,2026-02-22 11:53:00
T00603,ACC6180,ACC6342,20390.75,2026-02-18 09:55:00
T00604,ACC6445,ACC6008,3213.76,2026-02-21 08:33:00
T00605,ACC6141,ACC6320,20858.31,2026-02-21 15:47:00
T00606,ACC6180,ACC6436,14956.01,2026-02-18 18:08:00
T00607,ACC6325,ACC6377,14557.67,2026-02-22 06:10:00
T00608,ACC6074,ACC6073,23037.55,2026-02-21 06:49:00
T00609,ACC6395,ACC6213,8135.73,2026-02-21 03:30:00
T00610,ACC6386,ACC6317,6112.16,2026-02-18 10:37:00
T00611,ACC6389,ACC6063,21283.28,2026-02-20 06:56:00
T00612,ACC6106,ACC6097,11776.1,2026-02-21 06:01:00
T00613,ACC6396,ACC6194,24456.04,2026-02-20 13:42:00
T00614,ACC6206,ACC6458,21882.3,2026-02-19 04:31:00
T00615,ACC6001,ACC6235,4322.47,2026-02-18 18:46:00
T00616,ACC6118,ACC6254,3010.9,2026-02-20 03:35:00
T00617,ACC6147,ACC6138,7198.81,2026-02-20 00:17:00
T00618,ACC6309,ACC6368,9051.82,2026-02-20 20:09:00
T00619,ACC6473,ACC6066,21154.63,2026-02-22 11:17:00
T00620,ACC6250,ACC6241,21621.58,2026-02-19 20:07:00
T00621,ACC6210,ACC6063,4457.18,2026-02-22 18:09:00
T00622,ACC6013,ACC6015,10928.48,2026-02-19 00:19:00
T00623,ACC6371,ACC6091,14795.18,2026-02-22 08:19:00
T00624,ACC6356,ACC6436,16633.79,2026-02-22 13:25:00
T00625,ACC6331,ACC6378,11028.27,2026-02-18 22:29:00
T00626,ACC6158,ACC6291,2555.21,2026-02-19 00:39:00
T00627,ACC6251,ACC6257,13222.68,2026-02-22 11:35:00
T00628,ACC6238,ACC6305,12954.5,2026-02-22 13:39:00
T00629,ACC6125,ACC6220,11135.22,2026-02-18 12:09:00
T00630,ACC6131,ACC6478,16113.46,2026-02-18 13:17:00
T00631,ACC6401,ACC6238,10296.23,2026-02-18 14:52:00
T00632,ACC6024,ACC6352,19276.23,2026-02-20 09:53:00
T00633,ACC6281,ACC6487,11360.36,2026-02-23 08:13:00
T00634,ACC6258,ACC6158,13079.64,2026-02-19 00:45:00
T00635,ACC6025,ACC6458,18616.01,2026-02-23 08:36:00
T00636,ACC6408,ACC6324,14296.38,2026-02-21 10:59:00
T00637,ACC6065,ACC6039,13428.35,2026-02-19 19:10:00
T00638,ACC6458,ACC6480,18974.93,2026-02-20 13:25:00
T00639,ACC6475,ACC6004,18311.01,2026-02-19 00:46:00
T00640,ACC6449,ACC6389,19225.76,2026-02-22 08:50:00
T00641,ACC6208,ACC6116,12375.86,2026-02-19 08:24:00
T00642,ACC6106,ACC6165,17040.14,2026-02-19 12:37:00
T00643,ACC6289,ACC6250,20189.49,2026-02-19 16:33:00
T00644,ACC6276,ACC6309,6047.84,2026-02-23 08:59:00
T00645,ACC6440,ACC6084,3141.21,2026-02-21 06:24:00
T00646,ACC6275,ACC6215,19451.58,2026-02-23 08:11:00
T00647,ACC6036,ACC6202,20479.84,2026-02-20 11:33:00
T00648,ACC6158,ACC6043,13890.78,2026-02-22 20:35:00
T00649,ACC6294,ACC6398,20226.63,2026-02-20 19:31:00
T00650,ACC6131,ACC6324,13628.36,2026-02-21 21:59:00
T00651,ACC6078,ACC6240,24460.31,2026-02-21 09:22:00
T00652,ACC6122,ACC6498,24050.94,2026-02-21 14:34:00
T00653,ACC6407,ACC6010,9786.93,2026-02-21 19:18:00
T00654,ACC6465,ACC6384,3163.23,2026-02-22 02:47:00
T00655,ACC6492,ACC6188,10485.92,2026-02-20 09:47:00
T00656,ACC6454,ACC6291,11478.69,2026-02-21 23:31:00
T00657,ACC6092,ACC6255,12687.49,2026-02-20 19:00:00
T00658,ACC6233,ACC6292,18019.84,2026-02-22 22:30:00
T00659,ACC6233,ACC6332,17675.63,2026-02-21 09:57:00
T00660,ACC6235,ACC6020,20864.99,2026-02-20 11:09:00
T00661,ACC6155,ACC6070,12103.31,2026-02-19 08:48:00
T00662,ACC6433,ACC6434,11908.88,2026-02-18 15:42:00
T00663,ACC6054,ACC6238,11631.76,2026-02-22 15:12:00
T00664,ACC6245,ACC6202,3182.97,2026-02-21 00:35:00
T00665,ACC6307,ACC6344,6745.93,2026-02-18 17:04:00
T00666,ACC6247,ACC6299,10967.54,2026-02-20 12:56:00
T00667,ACC6374,ACC6402,12132.56,2026-02-20 12:55:00
T00668,ACC6388,ACC6449,24388.36,2026-02-20 15:51:00
T00669,ACC6326,ACC6421,13043.97,2026-02-18 19:39:00
T00670,ACC6008,ACC6442,21737.1,2026-02-23 02:04:00
T00671,ACC6070,ACC6189,10771.47,2026-02-19 13:35:00
T00672,ACC6207,ACC6369,15788.44,2026-02-22 03:21:00
T00673,ACC6399,ACC6339,10005.57,2026-02-20 06:31:00
T00674,ACC6254,ACC6046,24208.42,2026-02-19 11:47:00
T00675,ACC6089,ACC6278,15759.17,2026-02-22 02:33:00
T00676,ACC6419,ACC6325,4402.62,2026-02-18 20:31:00
T00677,ACC6123,ACC6246,5390.94,2026-02-22 08:16:00
T00678,ACC6134,ACC6043,10241.35,2026-02-18 19:53:00
T00679,ACC6382,ACC6491,13275.4,2026-02-19 05:42:00
T00680,ACC6482,ACC6121,16714.05,2026-02-21 07:18:00
T00681,ACC6072,ACC6368,9185.18,2026-02-23 01:55:00
T00682,ACC6380,ACC6045,9708.64,2026-02-19 10:18:00
T00683,ACC6450,ACC6063,13165.96,2026-02-22 03:15:00
T00684,ACC6108,ACC6100,9585.09,2026-02-19 02:01:00
T00685,ACC6425,ACC6136,9817.71,2026-02-22 13:56:00
T00686,ACC6282,ACC6494,10205.86,2026-02-20 02:51:00
T00687,ACC6468,ACC6373,18886.55,2026-02-19 20:46:00
T00688,ACC6288,ACC6111,2457.15,2026-02-20 15:35:00
T00689,ACC6469,ACC6335,17740.11,2026-02-20 10:19:00
T00690,ACC6106,ACC6228,23439.14,2026-02-18 10:09:00
T00691,ACC6093,ACC6047,20620.88,2026-02-18 23:42:00
T00692,ACC6323,ACC6492,9235.76,2026-02-23 01:09:00
T00693,ACC6302,ACC6076,20975.75,2026-02-21 07:15:00
T00694,ACC6487,ACC6349,15419.23,2026-02-21 00:17:00
T00695,ACC6122,ACC6333,10013.01,2026-02-18 11:09:00
T00696,ACC6010,ACC6379,23347.26,2026-02-21 12:53:00
T00697,ACC6347,ACC6396,7321.74,2026-02-18 18:39:00
T00698,ACC6189,ACC6075,6283.29,2026-02-22 16:37:00
T00699,ACC6282,ACC6266,18280.5,2026-02-18 23:04:00
T00700,ACC6038,ACC6107,14129.27,2026-02-21 10:38:00
T00701,ACC6285,ACC6355,23510.72,2026-02-20 04:36:00
T00702,ACC6172,ACC6369,2356.07,2026-02-21 09:42:00
T00703,ACC6165,ACC6016,24959.61,2026-02-22 01:13:00
T00704,ACC6109,ACC6249,8985.16,2026-02-21 16:41:00
T00705,ACC6345,ACC6424,20238.15,2026-02-21 14:21:00
T00706,ACC6463,ACC6125,15556.3,2026-02-19 14:56:00
T00707,ACC6067,ACC6029,9161.43,2026-02-20 00:11:00
T00708,ACC6337,ACC6432,4537.17,2026-02-19 16:12:00
T00709,ACC6241,ACC6467,12607.68,2026-02-20 19:36:00
T00710,ACC6473,ACC6114,10878.14,2026-02-19 06:55:00
T00711,ACC6489,ACC6117,11820.81,2026-02-18 13:10:00
T00712,ACC6004,ACC6370,16893.86,2026-02-20 11:03:00
T00713,ACC6195,ACC6450,7450.99,2026-02-20 12:51:00
T00714,ACC6115,ACC6241,20190.56,2026-02-22 15:12:00
T00715,ACC6017,ACC6356,6997.01,2026-02-21 19:21:00
T00716,ACC6377,ACC6275,21813.14,2026-02-21 03:31:00
T00717,ACC6278,ACC6077,23377.39,2026-02-21 12:52:00
T00718,ACC6189,ACC6232,11330.54,2026-02-18 14:19:00
T00719,ACC6487,ACC6120,22667.76,2026-02-22 01:26:00
T00720,ACC6451,ACC6217,19452.8,2026-02-19 13:31:00
T00721,ACC6044,ACC6103,2908.19,2026-02-19 18:11:00
T00722,ACC6183,ACC6200,21307.56,2026-02-23 07:38:00
T00723,ACC6272,ACC6220,23911.79,2026-02-20 01:56:00
T00724,ACC6280,ACC6471,2843.49,2026-02-19 13:37:00
T00725,ACC6157,ACC6439,12500.2,2026-02-19 13:58:00
T00726,ACC6145,ACC6276,2035.56,2026-02-20 00:01:00
T00727,ACC6291,ACC6058,7554.79,2026-02-21 19:21:00
T00728,ACC6468,ACC6241,3476.65,2026-02-20 04:23:00
T00729,ACC6363,ACC6459,19422.19,2026-02-19 07:04:00
T00730,ACC6096,ACC6497,5548.52,2026-02-18 18:31:00
T00731,ACC6163,ACC6172,24966.12,2026-02-21 08:27:00
T00732,ACC6469,ACC6434,19348.98,2026-02-21 19:29:00
T00733,ACC6406,ACC6098,11858.5,2026-02-22 00:48:00
T00734,ACC6377,ACC6033,11737.22,2026-02-20 17:20:00
T00735,ACC6152,ACC6440,7663.91,2026-02-19 22:32:00
T00736,ACC6093,ACC6131,3558.32,2026-02-19 18:41:00
T00737,ACC6365,ACC6073,21656.12,2026-02-18 11:42:00
T00738,ACC6169,ACC6001,9643.03,2026-02-23 02:31:00
T00739,ACC6478,ACC6096,13522.57,2026-02-22 19:45:00
T00740,ACC6022,ACC6171,15705.49,2026-02-22 08:45:00
T00741,ACC6410,ACC6206,7453.18,2026-02-20 02:08:00
T00742,ACC6417,ACC6246,22970.04,2026-02-20 03:42:00
T00743,ACC6128,ACC6376,3314.4,2026-02-21 09:30:00
T00744,ACC6332,ACC6125,17366.53,2026-02-22 17:15:00
T00745,ACC6292,ACC6034,3177.24,2026-02-19 01:49:00
T00746,ACC6255,ACC6100,16713.05,2026-02-22 01:16:00
T00747,ACC6138,ACC6316,14380.4,2026-02-19 22:25:00
T00748,ACC6035,ACC6353,15978.01,2026-02-23 03:12:00
T00749,ACC6335,ACC6182,9761.23,2026-02-20 13:42:00
T00750,ACC6206,ACC6349,12924.3,2026-02-18 21:13:00
T00751,ACC6150,ACC6167,19657.98,2026-02-22 22:54:00
T00752,ACC6270,ACC6040,23612.76,2026-02-20 14:42:00
T00753,ACC6040,ACC6099,7787.9,2026-02-20 20:33:00
T00754,ACC6435,ACC6425,13764.94,2026-02-20 20:58:00
T00755,ACC6079,ACC6376,2761.03,2026-02-21 19:24:00
T00756,ACC6496,ACC6363,7671.12,2026-02-20 04:17:00
T00757,ACC6118,ACC6144,9281.25,2026-02-20 07:03:00
T00758,ACC6291,ACC6129,20110.54,2026-02-20 09:22:00
T00759,ACC6257,ACC6046,13874.18,2026-02-19 13:51:00
T00760,ACC6209,ACC6018,10333.38,2026-02-19 14:49:00
T00761,ACC6419,ACC6059,17462.67,2026-02-19 22:03:00
T00762,ACC6313,ACC6457,7187.22,2026-02-22 00:24:00
T00763,ACC6396,ACC6318,20438.43,2026-02-22 01:06:00
T00764,ACC6189,ACC6293,17223.05,2026-02-19 11:47:00
T00765,ACC6208,ACC6243,2100.76,2026-02-22 19:21:00
T00766,ACC6295,ACC6483,17699.07,2026-02-18 22:00:00
T00767,ACC6356,ACC6450,2831.54,2026-02-23 00:11:00
T00768,ACC6416,ACC6151,9828.29,2026-02-19 02:39:00
T00769,ACC6383,ACC6211,7890.05,2026-02-21 18:21:00
T00770,ACC6415,ACC6101,23871.54,2026-02-22 20:23:00
T00771,ACC6436,ACC6463,18766.93,2026-02-20 07:09:00
T00772,ACC6482,ACC6331,4249.76,2026-02-21 21:34:00
T00773,ACC6255,ACC6256,4751.66,2026-02-22 19:48:00
T00774,ACC6198,ACC6038,22547.15,2026-02-21 12:35:00
T00775,ACC6068,ACC6318,2169,2026-02-21 08:05:00
T00776,ACC6350,ACC6243,12818.24,2026-02-21 19:01:00
T00777,ACC6410,ACC6003,23412.04,2026-02-20 14:52:00
T00778,ACC6383,ACC6430,3899.92,2026-02-19 15:29:00
T00779,ACC6096,ACC6278,14195.4,2026-02-18 15:01:00
T00780,ACC6234,ACC6395,23811.5,2026-02-21 07:41:00
T00781,ACC6157,ACC6374,17950.24,2026-02-19 22:45:00
T00782,ACC6355,ACC6199,12854.78,2026-02-20 10:40:00
T00783,ACC6429,ACC6296,11513.37,2026-02-21 23:33:00
T00784,ACC6181,ACC6430,12720.89,2026-02-19 06:32:00
T00785,ACC6431,ACC6462,2680.89,2026-02-21 21:59:00
T00786,ACC6240,ACC6288,4125.38,2026-02-18 22:36:00
T00787,ACC6375,ACC6260,2207.46,2026-02-22 10:09:00
T00788,ACC6460,ACC6398,14272.1,2026-02-20 02:48:00
T00789,ACC6042,ACC6062,4456.24,2026-02-23 01:26:00
T00790,ACC6189,ACC6331,7826.05,2026-02-20 07:00:00
T00791,ACC6157,ACC6161,10124.36,2026-02-18 15:22:00
T00792,ACC6291,ACC6017,13455.43,2026-02-19 04:09:00
T00793,ACC6430,ACC6104,16315.14,2026-02-19 14:50:00
T00794,ACC6118,ACC6080,3369.71,2026-02-19 19:00:00
T00795,ACC6388,ACC6039,8515.38,2026-02-18 20:13:00
T00796,ACC6307,ACC6466,19715.53,2026-02-19 13:09:00
T00797,ACC6065,ACC6063,20473.3,2026-02-21 15:34:00
T00798,ACC6231,ACC6444,19363.17,2026-02-19 19:51:00
T00799,ACC6253,ACC6049,4419.09,2026-02-19 07:22:00
T00800,ACC6033,ACC6127,20398.46,2026-02-22 10:08:00
T00801,ACC6241,ACC6419,11025.64,2026-02-18 22:25:00
T00802,ACC6426,ACC6157,2751.01,2026-02-19 07:07:00
T00803,ACC6325,ACC6092,8733.17,2026-02-23 01:44:00
T00804,ACC6285,ACC6438,5009.58,2026-02-19 15:19:00
T00805,ACC6198,ACC6361,22128.52,2026-02-20 01:08:00
T00806,ACC6216,ACC6012,5838.82,2026-02-18 11:41:00
T00807,ACC6265,ACC6003,3583.56,2026-02-21 07:15:00
T00808,ACC6164,ACC6418,11949.76,2026-02-22 06:56:00
T00809,ACC6240,ACC6105,13987.95,2026-02-23 03:40:00
T00810,ACC6063,ACC6055,11783.32,2026-02-21 23:33:00
T00811,ACC6016,ACC6454,23882.12,2026-02-22 02:22:00
T00812,ACC6453,ACC6237,19636.99,2026-02-19 11:02:00
T00813,ACC6480,ACC6272,5206.55,2026-02-19 07:33:00
T00814,ACC6311,ACC6462,8411.85,2026-02-21 01:01:00
T00815,ACC6489,ACC6059,3853.56,2026-02-19 21:08:00
T00816,ACC6128,ACC6347,22459.67,2026-02-19 05:42:00
T00817,ACC6260,ACC6151,16750.65,2026-02-18 10:42:00
T00818,ACC6168,ACC6378,19108.96,2026-02-22 03:57:00
T00819,ACC6155,ACC6417,12916.93,2026-02-20 20:47:00
T00820,ACC6284,ACC6353,24975.14,2026-02-22 09:40:00
T00821,ACC6495,ACC6027,7046.55,2026-02-21 23:28:00
T00822,ACC6442,ACC6103,7726.21,2026-02-21 06:13:00
T00823,ACC6265,ACC6026,22660.38,2026-02-18 22:59:00
T00824,ACC6437,ACC6190,14865.41,2026-02-20 12:46:00
T00825,ACC6375,ACC6285,11002.38,2026-02-21 08:12:00
T00826,ACC6225,ACC6206,21441.02,2026-02-21 21:41:00
T00827,ACC6342,ACC6463,10777.82,2026-02-18 23:33:00
T00828,ACC6305,ACC6066,2011.83,2026-02-18 22:01:00
T00829,ACC6197,ACC6144,20858.57,2026-02-21 23:09:00
T00830,ACC6390,ACC6025,12523.68,2026-02-18 22:58:00
T00831,ACC6469,ACC6222,22780.8,2026-02-23 03:16:00
T00832,ACC6482,ACC6421,24944.2,2026-02-21 10:05:00
T00833,ACC6444,ACC6195,24064.6,2026-02-18 10:01:00
T00834,ACC6223,ACC6161,22079.33,2026-02-20 18:31:00
T00835,ACC6489,ACC6162,12716.65,2026-02-19 09:44:00
T00836,ACC6002,ACC6450,4196.12,2026-02-21 19:06:00
T00837,ACC6339,ACC6414,17656.13,2026-02-18 18:35:00
T00838,ACC6255,ACC6030,6366.38,2026-02-19 12:18:00
T00839,ACC6428,ACC6067,6563.72,2026-02-18 09:46:00
T00840,ACC6013,ACC6364,9113.39,2026-02-19 16:49:00
T00841,ACC6165,ACC6497,17250.26,2026-02-19 02:33:00
T00842,ACC6031,ACC6236,6678.66,2026-02-22 12:39:00
T00843,ACC6472,ACC6307,18122.16,2026-02-22 22:20:00
T00844,ACC6396,ACC6055,14542.63,2026-02-21 04:17:00
T00845,ACC6395,ACC6421,2530.49,2026-02-21 00:46:00
T00846,ACC6222,ACC6280,14715.56,2026-02-18 11:18:00
T00847,ACC6208,ACC6074,16825.65,2026-02-19 18:11:00
T00848,ACC6254,ACC6267,8671.11,2026-02-19 11:18:00
T00849,ACC6059,ACC6441,17092,2026-02-19 02:39:00
T00850,ACC6230,ACC6381,13498.46,2026-02-18 10:27:00
T00851,ACC6301,ACC6426,18231.63,2026-02-18 23:02:00
T00852,ACC6360,ACC6448,14004.56,2026-02-18 10:56:00
T00853,ACC6390,ACC6344,8703.58,2026-02-18 13:18:00
T00854,ACC6170,ACC6356,24223.63,2026-02-21 04:24:00
T00855,ACC6175,ACC6376,4456.64,2026-02-18 19:04:00
T00856,ACC6015,ACC6030,17810.16,2026-02-18 23:51:00
T00857,ACC6077,ACC6428,20398.35,2026-02-22 08:37:00
T00858,ACC6139,ACC6173,19433.93,2026-02-18 11:09:00
T00859,ACC6306,ACC6106,15260.04,2026-02-22 11:08:00
T00860,ACC6090,ACC6243,3811.42,2026-02-23 08:44:00
T00861,ACC6469,ACC6422,16236.09,2026-02-23 04:14:00
T00862,ACC6384,ACC6411,6978.75,2026-02-19 13:58:00
T00863,ACC6237,ACC6471,19229.38,2026-02-22 12:42:00
T00864,ACC6329,ACC6036,16643.18,2026-02-20 03:16:00
T00865,ACC6070,ACC6165,4616.71,2026-02-19 11:26:00
T00866,ACC6281,ACC6098,8570.75,2026-02-21 02:26:00
T00867,ACC6307,ACC6127,10753,2026-02-20 20:34:00
T00868,ACC6390,ACC6231,15024.55,2026-02-18 17:01:00
T00869,ACC6438,ACC6131,21605.2,2026-02-23 03:45:00
T00870,ACC6110,ACC6450,8429.11,2026-02-20 04:11:00
T00871,ACC6106,ACC6141,20734.82,2026-02-20 11:21:00
T00872,ACC6095,ACC6477,20943.83,2026-02-18 15:40:00
T00873,ACC6123,ACC6477,3512.85,2026-02-20 15:13:00
T00874,ACC6113,ACC6041,15332.33,2026-02-22 09:43:00
T00875,ACC6384,ACC6299,9736.29,2026-02-22 18:42:00
T00876,ACC6379,ACC6286,17654.62,2026-02-19 14:00:00
T00877,ACC6236,ACC6058,4380.82,2026-02-21 17:27:00
T00878,ACC6267,ACC6018,13834.72,2026-02-20 23:37:00
T00879,ACC6369,ACC6104,17802.89,2026-02-19 04:26:00
T00880,ACC6104,ACC6051,12449.53,2026-02-20 03:08:00
T00881,ACC6387,ACC6146,24803.3,2026-02-19 23:24:00
T00882,ACC6062,ACC6249,20729.03,2026-02-18 15:09:00
T00883,ACC6424,ACC6467,11460.76,2026-02-22 23:16:00
T00884,ACC6392,ACC6094,23667.95,2026-02-23 05:38:00
T00885,ACC6216,ACC6109,11766.83,2026-02-20 02:12:00
T00886,ACC6313,ACC6150,20527.84,2026-02-19 20:58:00
T00887,ACC6137,ACC6210,15470.09,2026-02-20 04:37:00
T00888,ACC6041,ACC6101,11602.66,2026-02-20 04:59:00
T00889,ACC6286,ACC6147,2917.25,2026-02-19 01:50:00
T00890,ACC6335,ACC6290,6576.84,2026-02-21 20:53:00
T00891,ACC6187,ACC6071,20162.06,2026-02-19 19:06:00
T00892,ACC6223,ACC6410,22603.08,2026-02-21 00:32:00
T00893,ACC6179,ACC6207,7565.64,2026-02-19 20:04:00
T00894,ACC6145,ACC6092,19720.23,2026-02-23 07:46:00
T00895,ACC6481,ACC6063,18620.99,2026-02-21 07:57:00
T00896,ACC6078,ACC6454,22339.47,2026-02-22 04:42:00
T00897,ACC6417,ACC6041,24792.86,2026-02-21 03:57:00
T00898,ACC6199,ACC6471,13828.81,2026-02-19 16:57:00
T00899,ACC6207,ACC6083,19172.52,2026-02-19 23:15:00
T00900,ACC6367,ACC6038,17536.43,2026-02-21 01:50:00
T00901,ACC6376,ACC6384,24795.96,2026-02-20 00:57:00
T00902,ACC6291,ACC6400,9675.38,2026-02-20 00:54:00
T00903,ACC6126,ACC6209,19314.63,2026-02-20 08:01:00
T00904,ACC6152,ACC6196,3133.73,2026-02-22 07:27:00
T00905,ACC6422,ACC6103,13130.24,2026-02-21 10:43:00
T00906,ACC6035,ACC6290,5062.7,2026-02-22 02:05:00
T00907,ACC6490,ACC6332,10136.79,2026-02-19 09:38:00
T00908,ACC6093,ACC6426,6241.01,2026-02-22 21:30:00
T00909,ACC6189,ACC6260,20181.36,2026-02-21 21:42:00
T00910,ACC6439,ACC6029,5642.9,2026-02-22 05:04:00
T00911,ACC6069,ACC6291,24012.53,2026-02-23 06:31:00
T00912,ACC6298,ACC6323,18153.39,2026-02-21 21:21:00
T00913,ACC6154,ACC6051,6648.9,2026-02-19 09:11:00
T00914,ACC6220,ACC6495,16295.16,2026-02-21 09:20:00
T00915,ACC6001,ACC6395,17573.54,2026-02-20 11:46:00
T00916,ACC6182,ACC6161,4330.58,2026-02-23 08:27:00
T00917,ACC6409,ACC6092,15765.5,2026-02-20 10:38:00
T00918,ACC6295,ACC6185,3331.74,2026-02-22 04:52:00
T00919,ACC6457,ACC6062,24745.08,2026-02-23 07:37:00
T00920,ACC6231,ACC6014,5667.43,2026-02-21 18:50:00
T00921,ACC6217,ACC6430,5789.29,2026-02-23 08:07:00
T00922,ACC6058,ACC6319,22907.48,2026-02-20 21:55:00
T00923,ACC6454,ACC6268,24278.46,2026-02-19 13:56:00
T00924,ACC6149,ACC6083,14832.16,2026-02-19 05:46:00
T00925,ACC6218,ACC6049,3635.85,2026-02-20 08:40:00
T00926,ACC6054,ACC6432,5759.87,2026-02-21 01:02:00
T00927,ACC6254,ACC6345,18453.49,2026-02-21 22:26:00
T00928,ACC6292,ACC6453,21424.58,2026-02-21 18:12:00
T00929,ACC6317,ACC6357,16251.58,2026-02-18 16:18:00
T00930,ACC6107,ACC6244,16953.25,2026-02-23 04:52:00
T00931,ACC6272,ACC6290,24543.89,2026-02-22 14:26:00
T00932,ACC6270,ACC6145,24989.04,2026-02-20 14:11:00
T00933,ACC6301,ACC6153,4122.47,2026-02-20 03:59:00
T00934,ACC6390,ACC6128,19586.35,2026-02-18 09:28:00
T00935,ACC6075,ACC6033,2337.53,2026-02-18 20:14:00
T00936,ACC6119,ACC6108,5807.69,2026-02-20 09:40:00
T00937,ACC6111,ACC6210,20281.4,2026-02-21 04:21:00
T00938,ACC6329,ACC6022,9262.85,2026-02-20 08:40:00
T00939,ACC6352,ACC6089,2083.11,2026-02-21 01:40:00
T00940,ACC6214,ACC6479,23942.5,2026-02-23 05:02:00
T00941,ACC6393,ACC6274,6423.8,2026-02-21 11:18:00
T00942,ACC6075,ACC6435,24047.76,2026-02-19 10:26:00
T00943,ACC6464,ACC6158,3075.91,2026-02-22 12:23:00
T00944,ACC6136,ACC6379,23490.32,2026-02-22 08:30:00
T00945,ACC6405,ACC6439,9751.42,2026-02-19 22:45:00
T00946,ACC6230,ACC6303,3673.64,2026-02-21 05:00:00
T00947,ACC6231,ACC6232,9051.71,2026-02-20 16:42:00
T00948,ACC6178,ACC6266,6662.98,2026-02-19 21:38:00
T00949,ACC6477,ACC6192,17050.27,2026-02-21 15:36:00
T00950,ACC6448,ACC6338,24035.88,2026-02-20 15:08:00
T00951,ACC6447,ACC6270,12169.42,2026-02-18 16:13:00
T00952,ACC6199,ACC6441,16171.12,2026-02-22 12:41:00
T00953,ACC6035,ACC6387,23297.12,2026-02-21 01:55:00
T00954,ACC6238,ACC6425,8098.48,2026-02-20 14:40:00
T00955,ACC6010,ACC6448,7620.24,2026-02-22 14:59:00
T00956,ACC6209,ACC6234,16061.39,2026-02-20 09:19:00
T00957,ACC6253,ACC6152,7617.08,2026-02-19 02:50:00
T00958,ACC6367,ACC6074,23417.35,2026-02-22 13:43:00
T00959,ACC6102,ACC6083,9938.84,2026-02-19 09:09:00
T00960,ACC6102,ACC6124,18296.8,2026-02-18 11:19:00
T00961,ACC6087,ACC6248,2739.6,2026-02-21 09:27:00
T00962,ACC6056,ACC6399,5394.67,2026-02-21 23:08:00
T00963,ACC6347,ACC6307,15309.68,2026-02-20 18:31:00
T00964,ACC6310,ACC6249,9325.39,2026-02-21 22:39:00
T00965,ACC6314,ACC6286,17445.17,2026-02-20 12:26:00
T00966,ACC6078,ACC6309,5177.89,2026-02-22 21:10:00
T00967,ACC6472,ACC6029,13993.79,2026-02-18 13:43:00
T00968,ACC6345,ACC6339,24217.49,2026-02-20 12:03:00
T00969,ACC6499,ACC6103,9132.08,2026-02-22 00:55:00
T00970,ACC6344,ACC6083,18613.07,2026-02-18 09:49:00
T00971,ACC6411,ACC6278,2400.04,2026-02-23 02:59:00
T00972,ACC6014,ACC6142,6330.39,2026-02-20 10:24:00
T00973,ACC6116,ACC6297,7197.57,2026-02-20 22:53:00
T00974,ACC6317,ACC6236,18119.43,2026-02-20 15:37:00
T00975,ACC6153,ACC6384,18437.64,2026-02-23 06:33:00
T00976,ACC6403,ACC6201,5763.72,2026-02-23 03:04:00
T00977,ACC6358,ACC6437,21281.58,2026-02-21 08:20:00
T00978,ACC6127,ACC6379,11385.89,2026-02-20 10:42:00
T00979,ACC6174,ACC6462,10221.1,2026-02-19 14:56:00
T00980,ACC6261,ACC6432,24973.38,2026-02-20 05:05:00
T00981,ACC6435,ACC6470,17747,2026-02-21 09:00:00
T00982,ACC6405,ACC6242,21607.09,2026-02-23 03:12:00
T00983,ACC6289,ACC6419,20869.68,2026-02-19 02:13:00
T00984,ACC6208,ACC6299,5332.25,2026-02-18 22:01:00
T00985,ACC6340,ACC6171,6932.71,2026-02-22 07:20:00
T00986,ACC6073,ACC6465,12110.18,2026-02-22 16:06:00
T00987,ACC6449,ACC6038,8978,2026-02-21 20:19:00
T00988,ACC6116,ACC6088,20523.1,2026-02-22 06:26:00
T00989,ACC6249,ACC6190,20782.2,2026-02-21 04:09:00
T00990,ACC6192,ACC6022,8795.21,2026-02-22 19:20:00
T00991,ACC6082,ACC6425,16671.18,2026-02-21 00:38:00
T00992,ACC6183,ACC6152,15794.11,2026-02-19 18:59:00
T00993,ACC6491,ACC6235,12895.52,2026-02-21 10:16:00
T00994,ACC6181,ACC6253,21801.06,2026-02-21 16:58:00
T00995,ACC6214,ACC6303,12273.76,2026-02-23 03:32:00
T00996,ACC6002,ACC6382,2185.04,2026-02-18 14:52:00
T00997,ACC6019,ACC6385,16116.74,2026-02-22 09:40:00
T00998,ACC6039,ACC6224,16341.24,2026-02-21 00:41:00
T00999,ACC6463,ACC6090,13372.19,2026-02-22 19:48:00
T01000,ACC6161,ACC6228,19093.69,2026-02-22 03:29:00
